<?xml version="1.0" encoding="UTF-8"?>
<quiz identifier="ga08c9791fd6be421175a190cfe7e4550" xmlns="http://canvas.instructure.com/xsd/cccv1p0" xmlns:xsi="http://www.w3.org/2001/XMLSchema-instance" xsi:schemaLocation="http://canvas.instructure.com/xsd/cccv1p0 https://canvas.instructure.com/xsd/cccv1p0.xsd">
  <title>Informed Consent</title>
  <description>&lt;p&gt;IRB Project ID #: &lt;a href="https://nugrant.unl.edu/era/orr/irb/projectDetails.php?ProjectID=22579"&gt;22579&lt;/a&gt;&lt;/p&gt;
&lt;p&gt;&amp;nbsp;&lt;/p&gt;
&lt;p&gt;Participant Study Title: &lt;span&gt;Exploration of Statistical Graphics and Experiential Learning&lt;/span&gt;&lt;/p&gt;
&lt;p&gt;&amp;nbsp;&lt;/p&gt;
&lt;p&gt;The purpose of this research is to help emphasize the connection between statistics and scientific research and to help connect the material taught in Stat 218 to current scientific investigations in statistics. If you are a Stat 218 student, you may participate in this research.&lt;/p&gt;
&lt;p&gt;Participation in this study will occur over several sessions during the semester and should require less than 2.5 hours of your time in total.&lt;/p&gt;
&lt;table style="border-collapse: collapse; width: 97.9535%;" border="1"&gt;
&lt;tbody&gt;
&lt;tr&gt;
&lt;td style="width: 33.3007%;"&gt;Session&lt;/td&gt;
&lt;td style="width: 30.0029%;"&gt;Location&lt;/td&gt;
&lt;td style="width: 36.6015%;"&gt;Time Required&lt;/td&gt;
&lt;/tr&gt;
&lt;tr&gt;
&lt;td style="width: 33.3007%;"&gt;Initial reflection&lt;/td&gt;
&lt;td style="width: 30.0029%;"&gt;Canvas&lt;/td&gt;
&lt;td style="width: 36.6015%;"&gt;15 minutes&lt;/td&gt;
&lt;/tr&gt;
&lt;tr&gt;
&lt;td style="width: 33.3007%;"&gt;Graphics Experiment&lt;/td&gt;
&lt;td style="width: 30.0029%;"&gt;LPH 208 or Hardin 349 during office hours&lt;/td&gt;
&lt;td style="width: 36.6015%;"&gt;20 minutes&lt;/td&gt;
&lt;/tr&gt;
&lt;tr&gt;
&lt;td style="width: 33.3007%;"&gt;Post-experiment reflection&lt;/td&gt;
&lt;td style="width: 30.0029%;"&gt;Canvas&lt;/td&gt;
&lt;td style="width: 36.6015%;"&gt;20 minutes&lt;/td&gt;
&lt;/tr&gt;
&lt;tr&gt;
&lt;td style="width: 33.3007%;"&gt;Extended abstract reflection&lt;/td&gt;
&lt;td style="width: 30.0029%;"&gt;Canvas&lt;/td&gt;
&lt;td style="width: 36.6015%;"&gt;30 minutes (including reading the abstract)&lt;/td&gt;
&lt;/tr&gt;
&lt;tr&gt;
&lt;td style="width: 33.3007%;"&gt;Presentation reflection&lt;/td&gt;
&lt;td style="width: 30.0029%;"&gt;Canvas&lt;/td&gt;
&lt;td style="width: 36.6015%;"&gt;45 minutes (including watching the presentation)&lt;/td&gt;
&lt;/tr&gt;
&lt;/tbody&gt;
&lt;/table&gt;
&lt;p&gt;There are no risks to participation in this research outside of those risks encountered during normal coursework.&lt;/p&gt;
&lt;p&gt;You may benefit from participating in this research by seeing how the material taught in Stat 218 applies to scientific experiments. &lt;br&gt;Society may benefit by understanding how people read and use statistical graphics, which will help scientists communicate better with the general public. In addition, by understanding how introductory statistics students apply concepts from class to real-life experiences, statistics instructors may be able to make courses more interesting and applicable to students.&lt;/p&gt;
&lt;p&gt;&amp;nbsp;&lt;/p&gt;
&lt;p&gt;Reasonable steps will be taken to protect the privacy and the confidentiality of your study data; however, in some circumstances we cannot guarantee absolute privacy and/or confidentality. Your responses on Canvas will be stored electronically and de-identified before they are provided to the researchers. Your responses to the graphics experiment will be stored in de-identified form and will not be able to be traced back to you. The university will maintain your Canvas submissions according to university retention policies; data shared with researchers will be stored in accordance with university policies for low-risk data. Reflection data may be published in aggregate during the publication process, but only your instructor will be able to link your responses back to you. Records will only be seen by the research team and/or those authorized to view, access, or use the records during and after the study is complete.&lt;/p&gt;
&lt;p&gt;&amp;nbsp;&lt;/p&gt;
&lt;p&gt;If you have question about this project, you may contact Dr. Susan Vanderplas at susan.vanderplas@unl.edu.&lt;/p&gt;
&lt;p&gt;&amp;nbsp;&lt;/p&gt;
&lt;p&gt;If you have questions about your rights or complaints about the research, contact the UNL Institutional Review Board (IRB) at (402) 472-6965 or irb@unl.edu.&lt;/p&gt;
&lt;p&gt;&amp;nbsp;&lt;/p&gt;
&lt;p&gt;You can decide to not allow your responses to 218 reflections to be used for research purposes by declining to participate in this research study (select "I do not agree" below), or by contacting your Stat 218 instructor at any point during the semester to let them know that you do not wish to participate in this research. You will still need to complete any reflections which are assigned as part of Stat 218, however, your instructor will not share your responses with the researchers at the end of the semester.&lt;/p&gt;
&lt;p&gt;You can decide not to be in this research study, or you can withdraw at any time before, during, or after the research begins for any reason. Deciding not to be in this research study or deciding to withdraw will not affect your relationship with the investigator, the University of Nebraska-Lincoln, or your Stat 218 instructor. You will not lose any benefits to which you are entitled.&amp;nbsp;&lt;/p&gt;
&lt;p&gt;You are voluntarily making a decision whether or not to participate in this research study. By clicking on the I Agree button below, your consent to participate is implied. You should print or save a copy of this page for your records.&lt;/p&gt;</description>
  <shuffle_answers>false</shuffle_answers>
  <scoring_policy>keep_highest</scoring_policy>
  <hide_results>always</hide_results>
  <quiz_type>graded_survey</quiz_type>
  <points_possible>5.0</points_possible>
  <require_lockdown_browser>false</require_lockdown_browser>
  <require_lockdown_browser_for_results>false</require_lockdown_browser_for_results>
  <require_lockdown_browser_monitor>false</require_lockdown_browser_monitor>
  <lockdown_browser_monitor_data/>
  <show_correct_answers>false</show_correct_answers>
  <anonymous_submissions>false</anonymous_submissions>
  <could_be_locked>false</could_be_locked>
  <disable_timer_autosubmission>false</disable_timer_autosubmission>
  <allowed_attempts>1</allowed_attempts>
  <one_question_at_a_time>false</one_question_at_a_time>
  <cant_go_back>false</cant_go_back>
  <available>true</available>
  <one_time_results>false</one_time_results>
  <show_correct_answers_last_attempt>false</show_correct_answers_last_attempt>
  <only_visible_to_overrides>false</only_visible_to_overrides>
  <module_locked>false</module_locked>
  <assignment identifier="g65c3a42321189951226693beb2ec4bdf">
    <title>Informed Consent</title>
    <due_at/>
    <lock_at/>
    <unlock_at/>
    <module_locked>false</module_locked>
    <workflow_state>published</workflow_state>
    <assignment_overrides>
    </assignment_overrides>
    <quiz_identifierref>ga08c9791fd6be421175a190cfe7e4550</quiz_identifierref>
    <allowed_extensions></allowed_extensions>
    <has_group_category>false</has_group_category>
    <points_possible>5.0</points_possible>
    <grading_type>points</grading_type>
    <all_day>false</all_day>
    <submission_types>online_quiz</submission_types>
    <position>23</position>
    <turnitin_enabled>false</turnitin_enabled>
    <vericite_enabled>false</vericite_enabled>
    <peer_review_count>0</peer_review_count>
    <peer_reviews>false</peer_reviews>
    <automatic_peer_reviews>false</automatic_peer_reviews>
    <anonymous_peer_reviews>false</anonymous_peer_reviews>
    <grade_group_students_individually>false</grade_group_students_individually>
    <freeze_on_copy>false</freeze_on_copy>
    <omit_from_final_grade>false</omit_from_final_grade>
    <intra_group_peer_reviews>false</intra_group_peer_reviews>
    <only_visible_to_overrides>false</only_visible_to_overrides>
    <post_to_sis>false</post_to_sis>
    <moderated_grading>false</moderated_grading>
    <grader_count>0</grader_count>
    <grader_comments_visible_to_graders>true</grader_comments_visible_to_graders>
    <anonymous_grading>false</anonymous_grading>
    <graders_anonymous_to_graders>false</graders_anonymous_to_graders>
    <grader_names_visible_to_final_grader>true</grader_names_visible_to_final_grader>
    <anonymous_instructor_annotations>false</anonymous_instructor_annotations>
    <post_policy>
      <post_manually>false</post_manually>
    </post_policy>
  </assignment>
  <assignment_group_identifierref>g51ff0662f747dce83e019faad85890ee</assignment_group_identifierref>
  <assignment_overrides>
  </assignment_overrides>
</quiz>
