<?xml version="1.0" encoding="UTF-8"?>
<manifest identifier="gd98dcaa46e021efd56d48bf90c82976d" xmlns="http://www.imsglobal.org/xsd/imsccv1p3/imscp_v1p1" xmlns:lom="http://ltsc.ieee.org/xsd/imsccv1p3/LOM/resource" xmlns:lomimscc="http://ltsc.ieee.org/xsd/imsccv1p3/LOM/manifest" xmlns:cpx="http://www.imsglobal.org/xsd/imsccv1p3/imscp_extensionv1p2" xmlns:xsi="http://www.w3.org/2001/XMLSchema-instance" xsi:schemaLocation="http://ltsc.ieee.org/xsd/imsccv1p3/LOM/resource http://www.imsglobal.org/profile/cc/ccv1p3/LOM/ccv1p3_lomresource_v1p0.xsd http://www.imsglobal.org/xsd/imsccv1p3/imscp_v1p1 http://www.imsglobal.org/profile/cc/ccv1p3/ccv1p3_imscp_v1p2_v1p0.xsd http://ltsc.ieee.org/xsd/imsccv1p3/LOM/manifest http://www.imsglobal.org/profile/cc/ccv1p3/LOM/ccv1p3_lommanifest_v1p0.xsd http://www.imsglobal.org/xsd/imsccv1p3/imscp_extensionv1p2 http://www.imsglobal.org/profile/cc/ccv1p3/ccv1p3_cpextensionv1p2_v1p0.xsd">
  <metadata>
    <schema>IMS Common Cartridge</schema>
    <schemaversion>1.3.0</schemaversion>
    <lomimscc:lom>
      <lomimscc:general>
        <lomimscc:title>
          <lomimscc:string>STAT 218 Exam Test Course</lomimscc:string>
        </lomimscc:title>
      </lomimscc:general>
      <lomimscc:lifeCycle>
        <lomimscc:contribute>
          <lomimscc:date>
            <lomimscc:dateTime>2023-02-21</lomimscc:dateTime>
          </lomimscc:date>
        </lomimscc:contribute>
      </lomimscc:lifeCycle>
      <lomimscc:rights>
        <lomimscc:copyrightAndOtherRestrictions>
          <lomimscc:value>yes</lomimscc:value>
        </lomimscc:copyrightAndOtherRestrictions>
        <lomimscc:description>
          <lomimscc:string>Private (Copyrighted) - http://en.wikipedia.org/wiki/Copyright</lomimscc:string>
        </lomimscc:description>
      </lomimscc:rights>
    </lomimscc:lom>
  </metadata>
  <organizations>
    <organization identifier="org_1" structure="rooted-hierarchy">
      <item identifier="LearningModules">
      </item>
    </organization>
  </organizations>
  <resources>
    <resource identifier="g737010b1aca5ec6a5eb79f26e9c9f4c5" type="associatedcontent/imscc_xmlv1p1/learning-application-resource" href="course_settings/canvas_export.txt">
      <file href="course_settings/module_meta.xml"/>
      <file href="course_settings/assignment_groups.xml"/>
      <file href="course_settings/files_meta.xml"/>
      <file href="course_settings/context.xml"/>
      <file href="course_settings/media_tracks.xml"/>
      <file href="course_settings/canvas_export.txt"/>
    </resource>
    <resource identifier="gc79db13db22a71a58d9f182e27496256" type="imsqti_xmlv1p2/imscc_xmlv1p1/assessment">
      <file href="gc79db13db22a71a58d9f182e27496256/assessment_qti.xml"/>
      <dependency identifierref="g3ff0d1a6071e543fbbd52e11b1bfed95"/>
    </resource>
    <resource identifier="g3ff0d1a6071e543fbbd52e11b1bfed95" type="associatedcontent/imscc_xmlv1p1/learning-application-resource" href="gc79db13db22a71a58d9f182e27496256/assessment_meta.xml">
      <file href="gc79db13db22a71a58d9f182e27496256/assessment_meta.xml"/>
      <file href="non_cc_assessments/gc79db13db22a71a58d9f182e27496256.xml.qti"/>
    </resource>
  </resources>
</manifest>
