<?xml version="1.0" encoding="UTF-8"?>
<fileMeta xmlns="http://canvas.instructure.com/xsd/cccv1p0" xmlns:xsi="http://www.w3.org/2001/XMLSchema-instance" xsi:schemaLocation="http://canvas.instructure.com/xsd/cccv1p0 https://canvas.instructure.com/xsd/cccv1p0.xsd">
  <folders>
    <folder path="Quiz Files">
      <hidden>true</hidden>
    </folder>
    <folder path="Quiz Files/Ch3-Movies-proof_85848">
      <hidden>true</hidden>
    </folder>
    <folder path="Quiz Files/Ch3-Movies-proof_85848/data">
      <hidden>true</hidden>
    </folder>
    <folder path="Quiz Files/Ch3-Movies-proof_85848/data/supplements1">
      <hidden>true</hidden>
    </folder>
    <folder path="Quiz Files/Ch3-Movies-proof_85848/data/supplements2">
      <hidden>true</hidden>
    </folder>
    <folder path="Quiz Files/Ch3-Movies-proof_85848/data/supplements3">
      <hidden>true</hidden>
    </folder>
    <folder path="Quiz Files/Ch5-ExamStress-proof_86654">
      <hidden>true</hidden>
    </folder>
    <folder path="Quiz Files/Ch5-ExamStress-proof_86654/data">
      <hidden>true</hidden>
    </folder>
    <folder path="Quiz Files/Ch5-ExamStress-proof_86654/data/supplements1">
      <hidden>true</hidden>
    </folder>
    <folder path="Quiz Files/Ch5-ExamStress-proof_86654/data/supplements4">
      <hidden>true</hidden>
    </folder>
    <folder path="Quiz Files/Ch5-ExamStress-proof_86654/data/supplements2">
      <hidden>true</hidden>
    </folder>
    <folder path="Quiz Files/Ch5-ExamStress-proof_86654/data/supplements3">
      <hidden>true</hidden>
    </folder>
    <folder path="Quiz Files/Ch5-ExamStress-proof_86658">
      <hidden>true</hidden>
    </folder>
    <folder path="Quiz Files/Ch5-ExamStress-proof_86658/data">
      <hidden>true</hidden>
    </folder>
    <folder path="Quiz Files/Ch5-ExamStress-proof_86658/data/supplements1">
      <hidden>true</hidden>
    </folder>
    <folder path="Quiz Files/Ch5-ExamStress-proof_86658/data/supplements2">
      <hidden>true</hidden>
    </folder>
    <folder path="Quiz Files/Ch5-ExamStress-proof_86658/data/supplements3">
      <hidden>true</hidden>
    </folder>
    <folder path="Quiz Files/Ch5-ExamStress-proof_86658/data/supplements4">
      <hidden>true</hidden>
    </folder>
    <folder path="Quiz Files/Ch5-ExamStress-proof_86655">
      <hidden>true</hidden>
    </folder>
    <folder path="Quiz Files/Ch5-ExamStress-proof_86655/data">
      <hidden>true</hidden>
    </folder>
    <folder path="Quiz Files/Ch5-ExamStress-proof_86655/data/supplements1">
      <hidden>true</hidden>
    </folder>
    <folder path="Quiz Files/Ch5-ExamStress-proof_86655/data/supplements3">
      <hidden>true</hidden>
    </folder>
    <folder path="Quiz Files/Ch5-ExamStress-proof_86655/data/supplements2">
      <hidden>true</hidden>
    </folder>
    <folder path="Quiz Files/Ch5-ExamStress-proof_86655/data/supplements4">
      <hidden>true</hidden>
    </folder>
    <folder path="Quiz Files/Ch5-ExamStress-proof_86656">
      <hidden>true</hidden>
    </folder>
    <folder path="Quiz Files/Ch5-ExamStress-proof_86656/data">
      <hidden>true</hidden>
    </folder>
    <folder path="Quiz Files/Ch5-ExamStress-proof_86656/data/supplements3">
      <hidden>true</hidden>
    </folder>
    <folder path="Quiz Files/Ch5-ExamStress-proof_86656/data/supplements1">
      <hidden>true</hidden>
    </folder>
    <folder path="Quiz Files/Ch5-ExamStress-proof_86656/data/supplements4">
      <hidden>true</hidden>
    </folder>
    <folder path="Quiz Files/Ch5-ExamStress-proof_86656/data/supplements2">
      <hidden>true</hidden>
    </folder>
    <folder path="Quiz Files/Ch5-ExamStress-proof_86659">
      <hidden>true</hidden>
    </folder>
    <folder path="Quiz Files/Ch5-ExamStress-proof_86659/data">
      <hidden>true</hidden>
    </folder>
    <folder path="Quiz Files/Ch5-ExamStress-proof_86659/data/supplements2">
      <hidden>true</hidden>
    </folder>
    <folder path="Quiz Files/Ch5-ExamStress-proof_86659/data/supplements1">
      <hidden>true</hidden>
    </folder>
    <folder path="Quiz Files/Ch5-ExamStress-proof_86659/data/supplements3">
      <hidden>true</hidden>
    </folder>
    <folder path="Quiz Files/Ch5-ExamStress-proof_86659/data/supplements4">
      <hidden>true</hidden>
    </folder>
    <folder path="Quiz Files/Ch5-ExamStress-proof_86657">
      <hidden>true</hidden>
    </folder>
    <folder path="Quiz Files/Ch5-ExamStress-proof_86657/data">
      <hidden>true</hidden>
    </folder>
    <folder path="Quiz Files/Ch5-ExamStress-proof_86657/data/supplements3">
      <hidden>true</hidden>
    </folder>
    <folder path="Quiz Files/Ch5-ExamStress-proof_86657/data/supplements2">
      <hidden>true</hidden>
    </folder>
    <folder path="Quiz Files/Ch5-ExamStress-proof_86657/data/supplements4">
      <hidden>true</hidden>
    </folder>
    <folder path="Quiz Files/Ch5-ExamStress-proof_86657/data/supplements1">
      <hidden>true</hidden>
    </folder>
    <folder path="Quiz Files/Ch5-ExamStress-proof_86661">
      <hidden>true</hidden>
    </folder>
    <folder path="Quiz Files/Ch5-ExamStress-proof_86661/data">
      <hidden>true</hidden>
    </folder>
    <folder path="Quiz Files/Ch5-ExamStress-proof_86661/data/supplements2">
      <hidden>true</hidden>
    </folder>
    <folder path="Quiz Files/Ch5-ExamStress-proof_86661/data/supplements3">
      <hidden>true</hidden>
    </folder>
    <folder path="Quiz Files/Ch5-ExamStress-proof_86661/data/supplements1">
      <hidden>true</hidden>
    </folder>
    <folder path="Quiz Files/Ch5-ExamStress-proof_86661/data/supplements4">
      <hidden>true</hidden>
    </folder>
    <folder path="Quiz Files/Ch5-ExamStress-proof_86662">
      <hidden>true</hidden>
    </folder>
    <folder path="Quiz Files/Ch5-ExamStress-proof_86662/data">
      <hidden>true</hidden>
    </folder>
    <folder path="Quiz Files/Ch5-ExamStress-proof_86662/data/supplements1">
      <hidden>true</hidden>
    </folder>
    <folder path="Quiz Files/Ch5-ExamStress-proof_86662/data/supplements2">
      <hidden>true</hidden>
    </folder>
    <folder path="Quiz Files/Ch5-ExamStress-proof_86662/data/supplements3">
      <hidden>true</hidden>
    </folder>
    <folder path="Quiz Files/Ch5-ExamStress-proof_86662/data/supplements4">
      <hidden>true</hidden>
    </folder>
    <folder path="Quiz Files/Ch5-ExamStress-proof_86664">
      <hidden>true</hidden>
    </folder>
    <folder path="Quiz Files/Ch5-ExamStress-proof_86664/data">
      <hidden>true</hidden>
    </folder>
    <folder path="Quiz Files/Ch5-ExamStress-proof_86664/data/supplements1">
      <hidden>true</hidden>
    </folder>
    <folder path="Quiz Files/Ch5-ExamStress-proof_86664/data/supplements2">
      <hidden>true</hidden>
    </folder>
    <folder path="Quiz Files/Ch5-ExamStress-proof_86664/data/supplements4">
      <hidden>true</hidden>
    </folder>
    <folder path="Quiz Files/Ch5-ExamStress-proof_86664/data/supplements3">
      <hidden>true</hidden>
    </folder>
    <folder path="Quiz Files/Ch5-ExamStress-proof_86667">
      <hidden>true</hidden>
    </folder>
    <folder path="Quiz Files/Ch5-ExamStress-proof_86667/data">
      <hidden>true</hidden>
    </folder>
    <folder path="Quiz Files/Ch5-ExamStress-proof_86667/data/supplements2">
      <hidden>true</hidden>
    </folder>
    <folder path="Quiz Files/Ch5-ExamStress-proof_86667/data/supplements1">
      <hidden>true</hidden>
    </folder>
    <folder path="Quiz Files/Ch6-ExamStress-proof_86669">
      <hidden>true</hidden>
    </folder>
    <folder path="Quiz Files/Ch6-ExamStress-proof_86669/data">
      <hidden>true</hidden>
    </folder>
    <folder path="Quiz Files/Ch6-ExamStress-proof_86669/data/supplements1">
      <hidden>true</hidden>
    </folder>
    <folder path="Quiz Files/Ch6-ExamStress-proof_86669/data/supplements2">
      <hidden>true</hidden>
    </folder>
    <folder path="Quiz Files/Ch6-ExamStress-proof_86671">
      <hidden>true</hidden>
    </folder>
    <folder path="Quiz Files/Ch6-ExamStress-proof_86671/data">
      <hidden>true</hidden>
    </folder>
    <folder path="Quiz Files/Ch6-ExamStress-proof_86671/data/supplements1">
      <hidden>true</hidden>
    </folder>
    <folder path="Quiz Files/Ch6-ExamStress-proof_86671/data/supplements2">
      <hidden>true</hidden>
    </folder>
    <folder path="Quiz Files/canvasquiz_85338">
      <hidden>true</hidden>
    </folder>
    <folder path="Quiz Files/canvasquiz_85338/data">
      <hidden>true</hidden>
    </folder>
    <folder path="Quiz Files/canvasquiz_85338/data/supplements1">
      <hidden>true</hidden>
    </folder>
    <folder path="Quiz Files/canvasquiz_85338/data/supplements2">
      <hidden>true</hidden>
    </folder>
    <folder path="Quiz Files/canvasquiz_85338/data/supplements3">
      <hidden>true</hidden>
    </folder>
    <folder path="Quiz Files/canvasquiz_85338/data/supplements4">
      <hidden>true</hidden>
    </folder>
    <folder path="Quiz Files/canvasquiz_85338/data/supplements5">
      <hidden>true</hidden>
    </folder>
    <folder path="Quiz Files/canvasquiz_85338/data/supplements6">
      <hidden>true</hidden>
    </folder>
    <folder path="Quiz Files/canvasquiz_85339">
      <hidden>true</hidden>
    </folder>
    <folder path="Quiz Files/canvasquiz_85339/data">
      <hidden>true</hidden>
    </folder>
    <folder path="Quiz Files/canvasquiz_85339/data/supplements1">
      <hidden>true</hidden>
    </folder>
    <folder path="Quiz Files/canvasquiz_85339/data/supplements2">
      <hidden>true</hidden>
    </folder>
    <folder path="Quiz Files/canvasquiz_85339/data/supplements3">
      <hidden>true</hidden>
    </folder>
    <folder path="Quiz Files/canvasquiz_85339/data/supplements4">
      <hidden>true</hidden>
    </folder>
    <folder path="Quiz Files/canvasquiz_85339/data/supplements5">
      <hidden>true</hidden>
    </folder>
    <folder path="Quiz Files/canvasquiz_85339/data/supplements6">
      <hidden>true</hidden>
    </folder>
    <folder path="Quiz Files/canvasquiz_85340">
      <hidden>true</hidden>
    </folder>
    <folder path="Quiz Files/canvasquiz_85340/data">
      <hidden>true</hidden>
    </folder>
    <folder path="Quiz Files/canvasquiz_85340/data/supplements1">
      <hidden>true</hidden>
    </folder>
    <folder path="Quiz Files/canvasquiz_85340/data/supplements2">
      <hidden>true</hidden>
    </folder>
    <folder path="Quiz Files/canvasquiz_85340/data/supplements3">
      <hidden>true</hidden>
    </folder>
    <folder path="Quiz Files/canvasquiz_85340/data/supplements4">
      <hidden>true</hidden>
    </folder>
    <folder path="Quiz Files/canvasquiz_85340/data/supplements5">
      <hidden>true</hidden>
    </folder>
    <folder path="Quiz Files/canvasquiz_85340/data/supplements6">
      <hidden>true</hidden>
    </folder>
    <folder path="Quiz Files/canvasquiz_85356">
      <hidden>true</hidden>
    </folder>
    <folder path="Quiz Files/canvasquiz_85356/data">
      <hidden>true</hidden>
    </folder>
    <folder path="Quiz Files/canvasquiz_85356/data/supplements1">
      <hidden>true</hidden>
    </folder>
    <folder path="Quiz Files/canvasquiz_85356/data/supplements2">
      <hidden>true</hidden>
    </folder>
    <folder path="Quiz Files/canvasquiz_85356/data/supplements3">
      <hidden>true</hidden>
    </folder>
    <folder path="Quiz Files/canvasquiz_85356/data/supplements4">
      <hidden>true</hidden>
    </folder>
    <folder path="Quiz Files/canvasquiz_85356/data/supplements5">
      <hidden>true</hidden>
    </folder>
    <folder path="Quiz Files/canvasquiz_85356/data/supplements6">
      <hidden>true</hidden>
    </folder>
    <folder path="Quiz Files/canvasquiz_85364">
      <hidden>true</hidden>
    </folder>
    <folder path="Quiz Files/canvasquiz_85364/data">
      <hidden>true</hidden>
    </folder>
    <folder path="Quiz Files/canvasquiz_85364/data/supplements1">
      <hidden>true</hidden>
    </folder>
    <folder path="Quiz Files/canvasquiz_85364/data/supplements2">
      <hidden>true</hidden>
    </folder>
    <folder path="Quiz Files/canvasquiz_85364/data/supplements3">
      <hidden>true</hidden>
    </folder>
    <folder path="Quiz Files/canvasquiz_85364/data/supplements4">
      <hidden>true</hidden>
    </folder>
    <folder path="Quiz Files/canvasquiz_85364/data/supplements5">
      <hidden>true</hidden>
    </folder>
    <folder path="Quiz Files/canvasquiz_85364/data/supplements6">
      <hidden>true</hidden>
    </folder>
    <folder path="Quiz Files/canvasquiz_85365">
      <hidden>true</hidden>
    </folder>
    <folder path="Quiz Files/canvasquiz_85365/data">
      <hidden>true</hidden>
    </folder>
    <folder path="Quiz Files/canvasquiz_85365/data/supplements1">
      <hidden>true</hidden>
    </folder>
    <folder path="Quiz Files/canvasquiz_85365/data/supplements2">
      <hidden>true</hidden>
    </folder>
    <folder path="Quiz Files/canvasquiz_85365/data/supplements3">
      <hidden>true</hidden>
    </folder>
    <folder path="Quiz Files/canvasquiz_85365/data/supplements4">
      <hidden>true</hidden>
    </folder>
    <folder path="Quiz Files/canvasquiz_85365/data/supplements5">
      <hidden>true</hidden>
    </folder>
    <folder path="Quiz Files/canvasquiz_85365/data/supplements6">
      <hidden>true</hidden>
    </folder>
    <folder path="Quiz Files/canvasquiz_85366">
      <hidden>true</hidden>
    </folder>
    <folder path="Quiz Files/canvasquiz_85366/data">
      <hidden>true</hidden>
    </folder>
    <folder path="Quiz Files/canvasquiz_85366/data/supplements1">
      <hidden>true</hidden>
    </folder>
    <folder path="Quiz Files/canvasquiz_85366/data/supplements2">
      <hidden>true</hidden>
    </folder>
    <folder path="Quiz Files/canvasquiz_85366/data/supplements3">
      <hidden>true</hidden>
    </folder>
    <folder path="Quiz Files/canvasquiz_85367">
      <hidden>true</hidden>
    </folder>
    <folder path="Quiz Files/canvasquiz_85367/data">
      <hidden>true</hidden>
    </folder>
    <folder path="Quiz Files/canvasquiz_85367/data/supplements1">
      <hidden>true</hidden>
    </folder>
    <folder path="Quiz Files/canvasquiz_85367/data/supplements2">
      <hidden>true</hidden>
    </folder>
    <folder path="Quiz Files/canvasquiz_85367/data/supplements3">
      <hidden>true</hidden>
    </folder>
    <folder path="Quiz Files/canvasquiz_85368">
      <hidden>true</hidden>
    </folder>
    <folder path="Quiz Files/canvasquiz_85368/data">
      <hidden>true</hidden>
    </folder>
    <folder path="Quiz Files/canvasquiz_85368/data/supplements1">
      <hidden>true</hidden>
    </folder>
    <folder path="Quiz Files/canvasquiz_85368/data/supplements2">
      <hidden>true</hidden>
    </folder>
    <folder path="Quiz Files/canvasquiz_85368/data/supplements3">
      <hidden>true</hidden>
    </folder>
    <folder path="Quiz Files/canvasquiz_85368/data/supplements4">
      <hidden>true</hidden>
    </folder>
    <folder path="Quiz Files/canvasquiz_85368/data/supplements5">
      <hidden>true</hidden>
    </folder>
    <folder path="Quiz Files/canvasquiz_85368/data/supplements6">
      <hidden>true</hidden>
    </folder>
    <folder path="Quiz Files/canvasquiz_85368/data/supplements7">
      <hidden>true</hidden>
    </folder>
    <folder path="Quiz Files/canvasquiz_85368/data/supplements8">
      <hidden>true</hidden>
    </folder>
    <folder path="Quiz Files/canvasquiz_85368/data/supplements9">
      <hidden>true</hidden>
    </folder>
    <folder path="Quiz Files/canvasquiz_85369">
      <hidden>true</hidden>
    </folder>
    <folder path="Quiz Files/canvasquiz_85369/data">
      <hidden>true</hidden>
    </folder>
    <folder path="Quiz Files/canvasquiz_85369/data/supplements1">
      <hidden>true</hidden>
    </folder>
    <folder path="Quiz Files/canvasquiz_85369/data/supplements2">
      <hidden>true</hidden>
    </folder>
    <folder path="Quiz Files/canvasquiz_85369/data/supplements3">
      <hidden>true</hidden>
    </folder>
    <folder path="Quiz Files/canvasquiz_85452">
      <hidden>true</hidden>
    </folder>
    <folder path="Quiz Files/canvasquiz_85452/data">
      <hidden>true</hidden>
    </folder>
    <folder path="Quiz Files/canvasquiz_85452/data/supplements1">
      <hidden>true</hidden>
    </folder>
    <folder path="Quiz Files/canvasquiz_85452/data/supplements2">
      <hidden>true</hidden>
    </folder>
    <folder path="Quiz Files/canvasquiz_85452/data/supplements3">
      <hidden>true</hidden>
    </folder>
  </folders>
</fileMeta>
