<?xml version="1.0" encoding="UTF-8"?>
<context_info xmlns="http://canvas.instructure.com/xsd/cccv1p0" xmlns:xsi="http://www.w3.org/2001/XMLSchema-instance" xsi:schemaLocation="http://canvas.instructure.com/xsd/cccv1p0 https://canvas.instructure.com/xsd/cccv1p0.xsd">
  <course_id>111970</course_id>
  <course_name>STAT 218 Exam Test Course</course_name>
  <root_account_id>65070000000000001</root_account_id>
  <root_account_name>University of Nebraska - Lincoln</root_account_name>
  <root_account_uuid>kFytNPGxbHrZbldcmj7WewuiDwdVGZ8IfEhzRYGX</root_account_uuid>
  <canvas_domain>canvas.unl.edu</canvas_domain>
</context_info>
