<?xml version="1.0" encoding="UTF-8"?>
<questestinterop xmlns="http://www.imsglobal.org/xsd/ims_qtiasiv1p2" xmlns:xsi="http://www.w3.org/2001/XMLSchema-instance" xsi:schemaLocation="http://www.imsglobal.org/xsd/ims_qtiasiv1p2 http://www.imsglobal.org/profile/cc/ccv1p1/ccv1p1_qtiasiv1p2p1_v1p0.xsd">
  <assessment ident="g5b02f457b9d5eac6e8d145c451ba786c" title="Post-Experiment Reflection">
    <qtimetadata>
      <qtimetadatafield>
        <fieldlabel>cc_profile</fieldlabel>
        <fieldentry>cc.exam.v0p1</fieldentry>
      </qtimetadatafield>
      <qtimetadatafield>
        <fieldlabel>qmd_assessmenttype</fieldlabel>
        <fieldentry>Examination</fieldentry>
      </qtimetadatafield>
      <qtimetadatafield>
        <fieldlabel>qmd_scoretype</fieldlabel>
        <fieldentry>Percentage</fieldentry>
      </qtimetadatafield>
      <qtimetadatafield>
        <fieldlabel>cc_maxattempts</fieldlabel>
        <fieldentry>1</fieldentry>
      </qtimetadatafield>
    </qtimetadata>
    <section ident="root_section">
      <item ident="ge546fde73d76159680af07202d27c28e" title="Question">
        <itemmetadata>
          <qtimetadata>
            <qtimetadatafield>
              <fieldlabel>cc_profile</fieldlabel>
              <fieldentry>cc.essay.v0p1</fieldentry>
            </qtimetadatafield>
            <qtimetadatafield>
              <fieldlabel>qmd_computerscored</fieldlabel>
              <fieldentry>No</fieldentry>
            </qtimetadatafield>
          </qtimetadata>
        </itemmetadata>
        <presentation>
          <material>
            <mattext texttype="text/html">&lt;div&gt;&lt;p&gt;What do you think the purpose of the experiment was?&lt;/p&gt;&lt;/div&gt;</mattext>
          </material>
          <response_str ident="response1" rcardinality="Single">
            <render_fib>
              <response_label ident="answer1" rshuffle="No"/>
            </render_fib>
          </response_str>
        </presentation>
        <resprocessing>
          <outcomes>
            <decvar maxvalue="100" minvalue="0" varname="SCORE" vartype="Decimal"/>
          </outcomes>
          <respcondition continue="No">
            <conditionvar>
              <other/>
            </conditionvar>
          </respcondition>
        </resprocessing>
      </item>
      <item ident="g0780de3b75314437b7baf70f44018d56" title="Question">
        <itemmetadata>
          <qtimetadata>
            <qtimetadatafield>
              <fieldlabel>cc_profile</fieldlabel>
              <fieldentry>cc.essay.v0p1</fieldentry>
            </qtimetadatafield>
            <qtimetadatafield>
              <fieldlabel>qmd_computerscored</fieldlabel>
              <fieldentry>No</fieldentry>
            </qtimetadatafield>
          </qtimetadata>
        </itemmetadata>
        <presentation>
          <material>
            <mattext texttype="text/html">&lt;div&gt;&lt;p&gt;What hypotheses might the experimenter have been testing?&lt;/p&gt;&lt;/div&gt;</mattext>
          </material>
          <response_str ident="response1" rcardinality="Single">
            <render_fib>
              <response_label ident="answer1" rshuffle="No"/>
            </render_fib>
          </response_str>
        </presentation>
        <resprocessing>
          <outcomes>
            <decvar maxvalue="100" minvalue="0" varname="SCORE" vartype="Decimal"/>
          </outcomes>
          <respcondition continue="No">
            <conditionvar>
              <other/>
            </conditionvar>
          </respcondition>
        </resprocessing>
      </item>
      <item ident="g24b0117625a18db50e1b50347be7110e" title="Question">
        <itemmetadata>
          <qtimetadata>
            <qtimetadatafield>
              <fieldlabel>cc_profile</fieldlabel>
              <fieldentry>cc.essay.v0p1</fieldentry>
            </qtimetadatafield>
            <qtimetadatafield>
              <fieldlabel>qmd_computerscored</fieldlabel>
              <fieldentry>No</fieldentry>
            </qtimetadatafield>
          </qtimetadata>
        </itemmetadata>
        <presentation>
          <material>
            <mattext texttype="text/html">&lt;div&gt;&lt;p&gt;What sources of error are involved in this experiment?&lt;/p&gt;&lt;/div&gt;</mattext>
          </material>
          <response_str ident="response1" rcardinality="Single">
            <render_fib>
              <response_label ident="answer1" rshuffle="No"/>
            </render_fib>
          </response_str>
        </presentation>
        <resprocessing>
          <outcomes>
            <decvar maxvalue="100" minvalue="0" varname="SCORE" vartype="Decimal"/>
          </outcomes>
          <respcondition continue="No">
            <conditionvar>
              <other/>
            </conditionvar>
          </respcondition>
        </resprocessing>
      </item>
      <item ident="g7a7efcb04601a53c59a8c9d29db3c2ca" title="Question">
        <itemmetadata>
          <qtimetadata>
            <qtimetadatafield>
              <fieldlabel>cc_profile</fieldlabel>
              <fieldentry>cc.essay.v0p1</fieldentry>
            </qtimetadatafield>
            <qtimetadatafield>
              <fieldlabel>qmd_computerscored</fieldlabel>
              <fieldentry>No</fieldentry>
            </qtimetadatafield>
          </qtimetadata>
        </itemmetadata>
        <presentation>
          <material>
            <mattext texttype="text/html">&lt;div&gt;&lt;p&gt;What variables were examined? For each variable, identify whether it was quantitative or categorical.&lt;/p&gt;&lt;/div&gt;</mattext>
          </material>
          <response_str ident="response1" rcardinality="Single">
            <render_fib>
              <response_label ident="answer1" rshuffle="No"/>
            </render_fib>
          </response_str>
        </presentation>
        <resprocessing>
          <outcomes>
            <decvar maxvalue="100" minvalue="0" varname="SCORE" vartype="Decimal"/>
          </outcomes>
          <respcondition continue="No">
            <conditionvar>
              <other/>
            </conditionvar>
          </respcondition>
        </resprocessing>
      </item>
      <item ident="gf25a35b6742b3e3efa60145b0668e21d" title="Question">
        <itemmetadata>
          <qtimetadata>
            <qtimetadatafield>
              <fieldlabel>cc_profile</fieldlabel>
              <fieldentry>cc.essay.v0p1</fieldentry>
            </qtimetadatafield>
            <qtimetadatafield>
              <fieldlabel>qmd_computerscored</fieldlabel>
              <fieldentry>No</fieldentry>
            </qtimetadatafield>
          </qtimetadata>
        </itemmetadata>
        <presentation>
          <material>
            <mattext texttype="text/html">&lt;div&gt;&lt;p&gt;What elements of experimental design, such as randomization or the use of a control group, do you think were present in the experiment? Why?&lt;/p&gt;&lt;/div&gt;</mattext>
          </material>
          <response_str ident="response1" rcardinality="Single">
            <render_fib>
              <response_label ident="answer1" rshuffle="No"/>
            </render_fib>
          </response_str>
        </presentation>
        <resprocessing>
          <outcomes>
            <decvar maxvalue="100" minvalue="0" varname="SCORE" vartype="Decimal"/>
          </outcomes>
          <respcondition continue="No">
            <conditionvar>
              <other/>
            </conditionvar>
          </respcondition>
        </resprocessing>
      </item>
    </section>
  </assessment>
</questestinterop>
